Wrap Around,1,4,6,13,16,17,19,20,21,29,30,32,36,50,51,56,60,66,69,72,76,99,100,101,104,108,109,111,112,119,120,131,138,140,145,147,154,158,160,166,174,178,191,204,205,206,208,218,227,229,235,240,260,267,268,280,287,295,298,304,308,311
Printed Wrap,1,4,6,17,19,20,29,30,32,36,56,66,72,99,104,108,109,111,112,131,138,140,145,147,154,158,160,166,174,178,204,205,206,208,218,227,229,235,240,260,267,268,280,287,295,298,304,308,311
Printed Flared,5,12,75,87,88,103,107,114,115,139,153,155,157,159,167,170,190,192,198,231,234,236,237,254,255,265,266,277,283,305,312
Floral Print,7,13,24,27,44,46,48,50,51,55,61,77,82,91,98,105,116,129,130,134,150,172,185,215,224,245,263,271,281,284,296
Printed Regular,0,10,25,26,58,68,89,96,132,137,142,144,161,173,177,194,200,203,217,221,222,250,253,282,290,303
Gathered Brown,288
Checkered Gathered,289
Gathered Black,289
Peplum Light,297
Gathered Maroon,309
