Fit Flare,0,5,6,9,11,17,34,37,40,43,67,77,80,81,83,84,87,98,102,103,107,110,114,122,123,131,135,139,142,143,144,147,148,156,158,172,176,180,181,184,193,195,198,201,205,219,222,244,245,248,254,265,267,276,277,284,286,287,289,290,297,301,304,309,316,320,322,323,325,331,333
Dark Blue,35,43,49,70,77,78,120,148,168,179,180,189,198,220,244,247,248,254,256,261,270,276,309,316,318,319
Aline Multicolor,1,7,10,19,65,116,121,140,153,155,163,168,221,237,246,258,329
Skater Multicolor,8,28,30,38,42,44,57,64,74,105,170,178,283,288
Maxi Blue,15,39,46,50,137,177,197,230,300,303,306,312,314,327
Sheath Black,313
Skater White,317
Green Yellow,323
Bodycon Dark,326
Layered Light,335
